{
  "pan": 73.5177559970792,
  "tilt": 150.0,
  "tracking": true,
  "target": "tuta",
  "error": {
    "x": -18,
    "y": 27
  },
  "distance": 32.449961479175904,
  "confidence": 0.9494105577468872,
  "timestamp": "2025-11-08T18:24:39.601101"
}