{
  "pan": 47.599540483135605,
  "tilt": 75.68059213493927,
  "tracking": true,
  "target": "tuta",
  "error": {
    "x": -1,
    "y": -16
  },
  "distance": 16.0312195418814,
  "confidence": 0.8984889388084412,
  "timestamp": "2025-11-08T16:48:47.505083"
}